Workbook

Sheet PrecalculatedData
A1: Beam pump | C1: Beam probe | E1: Lens L | H1: Grating G
A2: Energy, keV | B2: Gaussian waist on G, mm | C2: Energy, keV | D2: Gaussian waist on G, mm | E2: Focal length pump, m | F2: Focal length probe, m | G2: Distance grating to lens, mm | H2: Slit depth, mm | I2: Refractive index pump | J2: Refractive index probe
A3: 5 | B3: 0.097 | C3: 7.24 | D3: 0.097 | E3: 1.3 | F3: 1.31 | G3: 1132 | H3: 0.5 | I3: 1.24e-07 | J3: 4.95e-08

Sheet Data
A1: Grating G | D1: Beam pump | J1: Beam probe | P1: Sample S | S1: System | X1: Additional
A2: Slit form and type | B2: Period, μm | C2: Duty factor | D2: Phase depth, π rad | E2: Incidence angle, mrad | F2: Wavefront curvature, mm⁻¹ | G2: Gaussian waist, mm⁻¹ | H2: Wavelength, nm | I2: Intensity, W/cm2 | J2: Phase depth, π rad | K2: Incidence angle, mrad | L2: Wavefront curvature, mm⁻¹ | M2: Gaussian waist, mm⁻¹ | N2: Wavelength, nm | O2: Intensity, W/cm2 | P2: Thikness, mm | Q2: Re(n2), cm2/W | R2: Im(n2), cm2/W | S2: G to S distance, mm | T2: G to PSD distance, m | U2: Image aperture, mm | V2: Lateral step, μm | W2: Step division | X2: Debug data | Y2: Save images
A3: 1D, square, phase | B3: 0.2 | C3: 0.5 | D3: =2*(PrecalculatedData!I3*PrecalculatedData!H3/Data!H3*1000000-ROUND(PrecalculatedData!I3*PrecalculatedData!H3/Data!H3*1000000,0)) -> 0.50008066 | E3: 0 | F3: =-1/(PrecalculatedData!E3*1000-PrecalculatedData!G3) -> -0.005952381 | G3: =IF(PrecalculatedData!B3="", 0, 2/PrecalculatedData!B3) -> 20.618557 | H3: =1.2398/PrecalculatedData!A3 -> 0.24796 | I3: 0 | J3: =2*(PrecalculatedData!J3*PrecalculatedData!H3/Data!N3*1000000 - ROUND(PrecalculatedData!J3*PrecalculatedData!H3/Data!N3*1000000,0)) -> 0.28906275 | K3: 0 | L3: =-1/(PrecalculatedData!F3*1000-PrecalculatedData!G3) -> -0.0056179775 | M3: =IF(PrecalculatedData!D3="", 0, 2/PrecalculatedData!D3) -> 20.618557 | N3: =1.2398/PrecalculatedData!C3 -> 0.17124309 | O3: 300000 | P3: 1 | Q3: 3e-14 | R3: 0 | S3: 10 | T3: 2.67 | U3: 20 | V3: 25 | W3: 40 | X3: N | Y3: N
A4: =+A3 -> 1D, square, phase | B4: =+B3 -> 0.2 | C4: =+C3 -> 0.5 | D4: =+D3 -> 0.50008066 | E4: =+E3 -> 0 | F4: =+F3 -> -0.005952381 | G4: =+G3 -> 20.618557 | H4: =+H3 -> 0.24796 | I4: 1500 | J4: =+J3 -> 0.28906275 | K4: =+K3 -> 0 | L4: =+L3 -> -0.0056179775 | M4: =+M3 -> 20.618557 | N4: =+N3 -> 0.17124309 | O4: 298500 | P4: =+P3 -> 1 | Q4: =+Q3 -> 3e-14 | R4: =+R3 -> 0 | S4: =+S3 -> 10 | T4: =+T3 -> 2.67 | U4: =+U3 -> 20 | V4: =+V3 -> 25 | W4: =+W3 -> 40 | ... Y4: =+Y3 -> N
A5: =+A4 -> 1D, square, phase | B5: =+B4 -> 0.2 | C5: =+C4 -> 0.5 | D5: =+D4 -> 0.50008066 | E5: =+E4 -> 0 | F5: =+F4 -> -0.005952381 | G5: =+G4 -> 20.618557 | H5: =+H4 -> 0.24796 | I5: 3000 | J5: =+J4 -> 0.28906275 | K5: =+K4 -> 0 | L5: =+L4 -> -0.0056179775 | M5: =+M4 -> 20.618557 | N5: =+N4 -> 0.17124309 | O5: 297000 | P5: =+P4 -> 1 | Q5: =+Q4 -> 3e-14 | R5: =+R4 -> 0 | S5: =+S4 -> 10 | T5: =+T4 -> 2.67 | U5: =+U4 -> 20 | V5: =+V4 -> 25 | W5: =+W4 -> 40 | ... Y5: =+Y4 -> N
A6: =+A5 -> 1D, square, phase | B6: =+B5 -> 0.2 | C6: =+C5 -> 0.5 | D6: =+D5 -> 0.50008066 | E6: =+E5 -> 0 | F6: =+F5 -> -0.005952381 | G6: =+G5 -> 20.618557 | H6: =+H5 -> 0.24796 | I6: 4500 | J6: =+J5 -> 0.28906275 | K6: =+K5 -> 0 | L6: =+L5 -> -0.0056179775 | M6: =+M5 -> 20.618557 | N6: =+N5 -> 0.17124309 | O6: 295500 | P6: =+P5 -> 1 | Q6: =+Q5 -> 3e-14 | R6: =+R5 -> 0 | S6: =+S5 -> 10 | T6: =+T5 -> 2.67 | U6: =+U5 -> 20 | V6: =+V5 -> 25 | W6: =+W5 -> 40 | ... Y6: =+Y5 -> N
A7: =+A6 -> 1D, square, phase | B7: =+B6 -> 0.2 | C7: =+C6 -> 0.5 | D7: =+D6 -> 0.50008066 | E7: =+E6 -> 0 | F7: =+F6 -> -0.005952381 | G7: =+G6 -> 20.618557 | H7: =+H6 -> 0.24796 | I7: 6000 | J7: =+J6 -> 0.28906275 | K7: =+K6 -> 0 | L7: =+L6 -> -0.0056179775 | M7: =+M6 -> 20.618557 | N7: =+N6 -> 0.17124309 | O7: 294000 | P7: =+P6 -> 1 | Q7: =+Q6 -> 3e-14 | R7: =+R6 -> 0 | S7: =+S6 -> 10 | T7: =+T6 -> 2.67 | U7: =+U6 -> 20 | V7: =+V6 -> 25 | W7: =+W6 -> 40 | ... Y7: =+Y6 -> N
A8: =+A7 -> 1D, square, phase | B8: =+B7 -> 0.2 | C8: =+C7 -> 0.5 | D8: =+D7 -> 0.50008066 | E8: =+E7 -> 0 | F8: =+F7 -> -0.005952381 | G8: =+G7 -> 20.618557 | H8: =+H7 -> 0.24796 | I8: 7500 | J8: =+J7 -> 0.28906275 | K8: =+K7 -> 0 | L8: =+L7 -> -0.0056179775 | M8: =+M7 -> 20.618557 | N8: =+N7 -> 0.17124309 | O8: 292500 | P8: =+P7 -> 1 | Q8: =+Q7 -> 3e-14 | R8: =+R7 -> 0 | S8: =+S7 -> 10 | T8: =+T7 -> 2.67 | U8: =+U7 -> 20 | V8: =+V7 -> 25 | W8: =+W7 -> 40 | ... Y8: =+Y7 -> N
A9: =+A8 -> 1D, square, phase | B9: =+B8 -> 0.2 | C9: =+C8 -> 0.5 | D9: =+D8 -> 0.50008066 | E9: =+E8 -> 0 | F9: =+F8 -> -0.005952381 | G9: =+G8 -> 20.618557 | H9: =+H8 -> 0.24796 | I9: 9000 | J9: =+J8 -> 0.28906275 | K9: =+K8 -> 0 | L9: =+L8 -> -0.0056179775 | M9: =+M8 -> 20.618557 | N9: =+N8 -> 0.17124309 | O9: 291000 | P9: =+P8 -> 1 | Q9: =+Q8 -> 3e-14 | R9: =+R8 -> 0 | S9: =+S8 -> 10 | T9: =+T8 -> 2.67 | U9: =+U8 -> 20 | V9: =+V8 -> 25 | W9: =+W8 -> 40 | ... Y9: =+Y8 -> N
A10: =+A9 -> 1D, square, phase | B10: =+B9 -> 0.2 | C10: =+C9 -> 0.5 | D10: =+D9 -> 0.50008066 | E10: =+E9 -> 0 | F10: =+F9 -> -0.005952381 | G10: =+G9 -> 20.618557 | H10: =+H9 -> 0.24796 | I10: 10500 | J10: =+J9 -> 0.28906275 | K10: =+K9 -> 0 | L10: =+L9 -> -0.0056179775 | M10: =+M9 -> 20.618557 | N10: =+N9 -> 0.17124309 | O10: 289500 | P10: =+P9 -> 1 | Q10: =+Q9 -> 3e-14 | R10: =+R9 -> 0 | S10: =+S9 -> 10 | T10: =+T9 -> 2.67 | U10: =+U9 -> 20 | V10: =+V9 -> 25 | W10: =+W9 -> 40 | ... Y10: =+Y9 -> N
A11: =+A10 -> 1D, square, phase | B11: =+B10 -> 0.2 | C11: =+C10 -> 0.5 | D11: =+D10 -> 0.50008066 | E11: =+E10 -> 0 | F11: =+F10 -> -0.005952381 | G11: =+G10 -> 20.618557 | H11: =+H10 -> 0.24796 | I11: 12000 | J11: =+J10 -> 0.28906275 | K11: =+K10 -> 0 | L11: =+L10 -> -0.0056179775 | M11: =+M10 -> 20.618557 | N11: =+N10 -> 0.17124309 | O11: 288000 | P11: =+P10 -> 1 | Q11: =+Q10 -> 3e-14 | R11: =+R10 -> 0 | S11: =+S10 -> 10 | T11: =+T10 -> 2.67 | U11: =+U10 -> 20 | V11: =+V10 -> 25 | W11: =+W10 -> 40 | ... Y11: =+Y10 -> N
A12: =+A11 -> 1D, square, phase | B12: =+B11 -> 0.2 | C12: =+C11 -> 0.5 | D12: =+D11 -> 0.50008066 | E12: =+E11 -> 0 | F12: =+F11 -> -0.005952381 | G12: =+G11 -> 20.618557 | H12: =+H11 -> 0.24796 | I12: 13500 | J12: =+J11 -> 0.28906275 | K12: =+K11 -> 0 | L12: =+L11 -> -0.0056179775 | M12: =+M11 -> 20.618557 | N12: =+N11 -> 0.17124309 | O12: 286500 | P12: =+P11 -> 1 | Q12: =+Q11 -> 3e-14 | R12: =+R11 -> 0 | S12: =+S11 -> 10 | T12: =+T11 -> 2.67 | U12: =+U11 -> 20 | V12: =+V11 -> 25 | W12: =+W11 -> 40 | ... Y12: =+Y11 -> N
A13: =+A12 -> 1D, square, phase | B13: =+B12 -> 0.2 | C13: =+C12 -> 0.5 | D13: =+D12 -> 0.50008066 | E13: =+E12 -> 0 | F13: =+F12 -> -0.005952381 | G13: =+G12 -> 20.618557 | H13: =+H12 -> 0.24796 | I13: 15000 | J13: =+J12 -> 0.28906275 | K13: =+K12 -> 0 | L13: =+L12 -> -0.0056179775 | M13: =+M12 -> 20.618557 | N13: =+N12 -> 0.17124309 | O13: 285000 | P13: =+P12 -> 1 | Q13: =+Q12 -> 3e-14 | R13: =+R12 -> 0 | S13: =+S12 -> 10 | T13: =+T12 -> 2.67 | U13: =+U12 -> 20 | V13: =+V12 -> 25 | W13: =+W12 -> 40 | ... Y13: =+Y12 -> N
A14: =+A13 -> 1D, square, phase | B14: =+B13 -> 0.2 | C14: =+C13 -> 0.5 | D14: =+D13 -> 0.50008066 | E14: =+E13 -> 0 | F14: =+F13 -> -0.005952381 | G14: =+G13 -> 20.618557 | H14: =+H13 -> 0.24796 | I14: 16500 | J14: =+J13 -> 0.28906275 | K14: =+K13 -> 0 | L14: =+L13 -> -0.0056179775 | M14: =+M13 -> 20.618557 | N14: =+N13 -> 0.17124309 | O14: 283500 | P14: =+P13 -> 1 | Q14: =+Q13 -> 3e-14 | R14: =+R13 -> 0 | S14: =+S13 -> 10 | T14: =+T13 -> 2.67 | U14: =+U13 -> 20 | V14: =+V13 -> 25 | W14: =+W13 -> 40 | ... Y14: =+Y13 -> N
A15: =+A14 -> 1D, square, phase | B15: =+B14 -> 0.2 | C15: =+C14 -> 0.5 | D15: =+D14 -> 0.50008066 | E15: =+E14 -> 0 | F15: =+F14 -> -0.005952381 | G15: =+G14 -> 20.618557 | H15: =+H14 -> 0.24796 | I15: 18000 | J15: =+J14 -> 0.28906275 | K15: =+K14 -> 0 | L15: =+L14 -> -0.0056179775 | M15: =+M14 -> 20.618557 | N15: =+N14 -> 0.17124309 | O15: 282000 | P15: =+P14 -> 1 | Q15: =+Q14 -> 3e-14 | R15: =+R14 -> 0 | S15: =+S14 -> 10 | T15: =+T14 -> 2.67 | U15: =+U14 -> 20 | V15: =+V14 -> 25 | W15: =+W14 -> 40 | ... Y15: =+Y14 -> N
... A203: =+A202 -> 1D, square, phase | B203: =+B202 -> 0.2 | C203: =+C202 -> 0.5 | D203: =+D202 -> 0.50008066 | E203: =+E202 -> 0 | F203: =+F202 -> -0.005952381 | G203: =+G202 -> 20.618557 | H203: =+H202 -> 0.24796 | I203: 299999 | J203: =+J202 -> 0.28906275 | K203: =+K202 -> 0 | L203: =+L202 -> -0.0056179775 | M203: =+M202 -> 20.618557 | N203: =+N202 -> 0.17124309 | O203: 1 | P203: =+P202 -> 1 | Q203: =+Q202 -> 3e-14 | R203: =+R202 -> 0 | S203: =+S202 -> 10 | T203: =+T202 -> 2.67 | U203: =+U202 -> 20 | V203: =+V202 -> 25 | W203: =+W202 -> 40 | ... Y203: =+Y202 -> N
